titulo_video,id_video,data_publicacao,imagem,player_video,estatisticas,comentarios,favoritos,likes,visualizacoes,id_playlist,nome_playlist
VEDA # 01 - MINHA CASA EM FORTAL,d616HI34WsI,2022-04-02T06:52:05Z,https://i.ytimg.com/vi/d616HI34WsI/mqdefault.jpg,"<iframe width=""480"" height=""270"" src=""//www.youtube.com/embed/d616HI34WsI"" frameborder=""0"" allow=""accelerometer; autoplay; clipboard-write; encrypted-media; gyroscope; picture-in-picture; web-share"" allowfullscreen></iframe>","{'viewCount': '1980986', 'likeCount': '354357', 'favoriteCount': '0', 'commentCount': '9094'}",9094,0,354357,1980986,PLypClbHDpCW0dYckCViQEEBj2ztjG545I,VEDA
VEDA # 02 - BASTIDORES E ESTREIA EM FORTAL,JXH31F0Rook,2022-04-03T05:52:56Z,https://i.ytimg.com/vi/JXH31F0Rook/mqdefault.jpg,"<iframe width=""480"" height=""270"" src=""//www.youtube.com/embed/JXH31F0Rook"" frameborder=""0"" allow=""accelerometer; autoplay; clipboard-write; encrypted-media; gyroscope; picture-in-picture; web-share"" allowfullscreen></iframe>","{'viewCount': '586945', 'likeCount': '116395', 'favoriteCount': '0', 'commentCount': '3219'}",3219,0,116395,586945,PLypClbHDpCW0dYckCViQEEBj2ztjG545I,VEDA
"VEDA # 03 - MEU AP EM FORTALEZA, FUSCÃO PRETO",L4NsV3_R45A,2022-04-04T05:08:15Z,https://i.ytimg.com/vi/L4NsV3_R45A/mqdefault.jpg,"<iframe width=""480"" height=""270"" src=""//www.youtube.com/embed/L4NsV3_R45A"" frameborder=""0"" allow=""accelerometer; autoplay; clipboard-write; encrypted-media; gyroscope; picture-in-picture; web-share"" allowfullscreen></iframe>","{'viewCount': '976506', 'likeCount': '118812', 'favoriteCount': '0', 'commentCount': '3589'}",3589,0,118812,976506,PLypClbHDpCW0dYckCViQEEBj2ztjG545I,VEDA
"VEDA # 04 - REGINA CHEGOU, PRÉVIAS DO LIL WHIND",z7nAQVbr5eY,2022-04-05T17:30:41Z,https://i.ytimg.com/vi/z7nAQVbr5eY/mqdefault.jpg,"<iframe width=""480"" height=""270"" src=""//www.youtube.com/embed/z7nAQVbr5eY"" frameborder=""0"" allow=""accelerometer; autoplay; clipboard-write; encrypted-media; gyroscope; picture-in-picture; web-share"" allowfullscreen></iframe>","{'viewCount': '450052', 'likeCount': '65271', 'favoriteCount': '0', 'commentCount': '1948'}",1948,0,65271,450052,PLypClbHDpCW0dYckCViQEEBj2ztjG545I,VEDA
VEDA # 05 - RACHA DO NATHANZIN,w3PFJrkkZl4,2022-04-06T13:46:19Z,https://i.ytimg.com/vi/w3PFJrkkZl4/mqdefault.jpg,"<iframe width=""480"" height=""270"" src=""//www.youtube.com/embed/w3PFJrkkZl4"" frameborder=""0"" allow=""accelerometer; autoplay; clipboard-write; encrypted-media; gyroscope; picture-in-picture; web-share"" allowfullscreen></iframe>","{'viewCount': '406462', 'likeCount': '58237', 'favoriteCount': '0', 'commentCount': '1406'}",1406,0,58237,406462,PLypClbHDpCW0dYckCViQEEBj2ztjG545I,VEDA
VEDA # 06 - MEUS FÃS SÃO TALENTOSOS,p8oPpGGq7xw,2022-04-06T22:35:07Z,https://i.ytimg.com/vi/p8oPpGGq7xw/mqdefault.jpg,"<iframe width=""480"" height=""270"" src=""//www.youtube.com/embed/p8oPpGGq7xw"" frameborder=""0"" allow=""accelerometer; autoplay; clipboard-write; encrypted-media; gyroscope; picture-in-picture; web-share"" allowfullscreen></iframe>","{'viewCount': '260383', 'likeCount': '47269', 'favoriteCount': '0', 'commentCount': '1993'}",1993,0,47269,260383,PLypClbHDpCW0dYckCViQEEBj2ztjG545I,VEDA
VEDA # 07 - LUTE COMIGO,zpRvyW9cXI0,2022-04-08T04:25:39Z,https://i.ytimg.com/vi/zpRvyW9cXI0/mqdefault.jpg,"<iframe width=""480"" height=""270"" src=""//www.youtube.com/embed/zpRvyW9cXI0"" frameborder=""0"" allow=""accelerometer; autoplay; clipboard-write; encrypted-media; gyroscope; picture-in-picture; web-share"" allowfullscreen></iframe>","{'viewCount': '245195', 'likeCount': '38744', 'favoriteCount': '0', 'commentCount': '1258'}",1258,0,38744,245195,PLypClbHDpCW0dYckCViQEEBj2ztjG545I,VEDA
VEDA # 08 - GRAVANDO UMA PUBLI E VISITINHA ÁREA,O_DicCSBW5M,2022-04-11T03:38:39Z,https://i.ytimg.com/vi/O_DicCSBW5M/mqdefault.jpg,"<iframe width=""480"" height=""270"" src=""//www.youtube.com/embed/O_DicCSBW5M"" frameborder=""0"" allow=""accelerometer; autoplay; clipboard-write; encrypted-media; gyroscope; picture-in-picture; web-share"" allowfullscreen></iframe>","{'viewCount': '229093', 'likeCount': '36396', 'favoriteCount': '0', 'commentCount': '850'}",850,0,36396,229093,PLypClbHDpCW0dYckCViQEEBj2ztjG545I,VEDA
VEDA # 10 - PRIMEIRA VEZ DO JEREDY NA PRAIA,5ZFOXIfKPus,2022-04-13T02:40:52Z,https://i.ytimg.com/vi/5ZFOXIfKPus/mqdefault.jpg,"<iframe width=""480"" height=""270"" src=""//www.youtube.com/embed/5ZFOXIfKPus"" frameborder=""0"" allow=""accelerometer; autoplay; clipboard-write; encrypted-media; gyroscope; picture-in-picture; web-share"" allowfullscreen></iframe>","{'viewCount': '505299', 'likeCount': '67528', 'favoriteCount': '0', 'commentCount': '1451'}",1451,0,67528,505299,PLypClbHDpCW0dYckCViQEEBj2ztjG545I,VEDA
VEDA # 11 - CONHECI O SIDOKA E MD CHEFE,WSNIR9TCzpc,2022-04-17T19:03:38Z,https://i.ytimg.com/vi/WSNIR9TCzpc/mqdefault.jpg,"<iframe width=""480"" height=""270"" src=""//www.youtube.com/embed/WSNIR9TCzpc"" frameborder=""0"" allow=""accelerometer; autoplay; clipboard-write; encrypted-media; gyroscope; picture-in-picture; web-share"" allowfullscreen></iframe>","{'viewCount': '469436', 'likeCount': '67638', 'favoriteCount': '0', 'commentCount': '1114'}",1114,0,67638,469436,PLypClbHDpCW0dYckCViQEEBj2ztjG545I,VEDA
VEDA # 12 - POR QUE OS VEDAS ATRASAM??,eOtsPSEiSCQ,2022-04-21T21:59:01Z,https://i.ytimg.com/vi/eOtsPSEiSCQ/mqdefault.jpg,"<iframe width=""480"" height=""270"" src=""//www.youtube.com/embed/eOtsPSEiSCQ"" frameborder=""0"" allow=""accelerometer; autoplay; clipboard-write; encrypted-media; gyroscope; picture-in-picture; web-share"" allowfullscreen></iframe>","{'viewCount': '454425', 'likeCount': '67815', 'favoriteCount': '0', 'commentCount': '1411'}",1411,0,67815,454425,PLypClbHDpCW0dYckCViQEEBj2ztjG545I,VEDA
VEDA # 13 - FIQUE ATENTO AOS SINAIS,Q9nCVVgOQe4,2022-04-25T04:15:07Z,https://i.ytimg.com/vi/Q9nCVVgOQe4/mqdefault.jpg,"<iframe width=""480"" height=""270"" src=""//www.youtube.com/embed/Q9nCVVgOQe4"" frameborder=""0"" allow=""accelerometer; autoplay; clipboard-write; encrypted-media; gyroscope; picture-in-picture; web-share"" allowfullscreen></iframe>","{'viewCount': '524721', 'likeCount': '52754', 'favoriteCount': '0', 'commentCount': '1986'}",1986,0,52754,524721,PLypClbHDpCW0dYckCViQEEBj2ztjG545I,VEDA
Mó Tristeza,1wV51cFiIX8,2021-10-15T23:00:03Z,https://i.ytimg.com/vi/1wV51cFiIX8/mqdefault.jpg,"<iframe width=""480"" height=""270"" src=""//www.youtube.com/embed/1wV51cFiIX8"" frameborder=""0"" allow=""accelerometer; autoplay; clipboard-write; encrypted-media; gyroscope; picture-in-picture; web-share"" allowfullscreen></iframe>","{'viewCount': '460582', 'likeCount': '59202', 'favoriteCount': '0', 'commentCount': '2071'}",2071,0,59202,460582,PLypClbHDpCW3UZ-zEkSBWqNwpL_VbVCTH,Lil Whind - Frente & Verso
Money,QwOkvBVsj-w,2021-10-15T23:01:23Z,https://i.ytimg.com/vi/QwOkvBVsj-w/mqdefault.jpg,"<iframe width=""480"" height=""270"" src=""//www.youtube.com/embed/QwOkvBVsj-w"" frameborder=""0"" allow=""accelerometer; autoplay; clipboard-write; encrypted-media; gyroscope; picture-in-picture; web-share"" allowfullscreen></iframe>","{'viewCount': '365704', 'likeCount': '43996', 'favoriteCount': '0', 'commentCount': '1998'}",1998,0,43996,365704,PLypClbHDpCW3UZ-zEkSBWqNwpL_VbVCTH,Lil Whind - Frente & Verso
Vida,W8oGrHz6YKY,2021-10-15T23:02:27Z,https://i.ytimg.com/vi/W8oGrHz6YKY/mqdefault.jpg,"<iframe width=""480"" height=""270"" src=""//www.youtube.com/embed/W8oGrHz6YKY"" frameborder=""0"" allow=""accelerometer; autoplay; clipboard-write; encrypted-media; gyroscope; picture-in-picture; web-share"" allowfullscreen></iframe>","{'viewCount': '324535', 'likeCount': '47248', 'favoriteCount': '0', 'commentCount': '3165'}",3165,0,47248,324535,PLypClbHDpCW3UZ-zEkSBWqNwpL_VbVCTH,Lil Whind - Frente & Verso
Fardo,NW-8_XufdLU,2021-10-15T23:03:06Z,https://i.ytimg.com/vi/NW-8_XufdLU/mqdefault.jpg,"<iframe width=""480"" height=""270"" src=""//www.youtube.com/embed/NW-8_XufdLU"" frameborder=""0"" allow=""accelerometer; autoplay; clipboard-write; encrypted-media; gyroscope; picture-in-picture; web-share"" allowfullscreen></iframe>","{'viewCount': '287936', 'likeCount': '30080', 'favoriteCount': '0', 'commentCount': '839'}",839,0,30080,287936,PLypClbHDpCW3UZ-zEkSBWqNwpL_VbVCTH,Lil Whind - Frente & Verso
Patamar,s_VB495D5iM,2021-10-15T23:04:08Z,https://i.ytimg.com/vi/s_VB495D5iM/mqdefault.jpg,"<iframe width=""480"" height=""270"" src=""//www.youtube.com/embed/s_VB495D5iM"" frameborder=""0"" allow=""accelerometer; autoplay; clipboard-write; encrypted-media; gyroscope; picture-in-picture; web-share"" allowfullscreen></iframe>","{'viewCount': '468064', 'likeCount': '41111', 'favoriteCount': '0', 'commentCount': '1098'}",1098,0,41111,468064,PLypClbHDpCW3UZ-zEkSBWqNwpL_VbVCTH,Lil Whind - Frente & Verso
Rolê,2HKOfwtYMKY,2021-10-15T23:05:16Z,https://i.ytimg.com/vi/2HKOfwtYMKY/mqdefault.jpg,"<iframe width=""480"" height=""270"" src=""//www.youtube.com/embed/2HKOfwtYMKY"" frameborder=""0"" allow=""accelerometer; autoplay; clipboard-write; encrypted-media; gyroscope; picture-in-picture; web-share"" allowfullscreen></iframe>","{'viewCount': '247124', 'likeCount': '25884', 'favoriteCount': '0', 'commentCount': '786'}",786,0,25884,247124,PLypClbHDpCW3UZ-zEkSBWqNwpL_VbVCTH,Lil Whind - Frente & Verso
Bê Jota,lE9uTx5VOnc,2021-10-16T00:28:49Z,https://i.ytimg.com/vi/lE9uTx5VOnc/mqdefault.jpg,"<iframe width=""480"" height=""270"" src=""//www.youtube.com/embed/lE9uTx5VOnc"" frameborder=""0"" allow=""accelerometer; autoplay; clipboard-write; encrypted-media; gyroscope; picture-in-picture; web-share"" allowfullscreen></iframe>","{'viewCount': '177272', 'likeCount': '20903', 'favoriteCount': '0', 'commentCount': '429'}",429,0,20903,177272,PLypClbHDpCW3UZ-zEkSBWqNwpL_VbVCTH,Lil Whind - Frente & Verso
É PARÁ QUE EU VOU feat Joelma e Murilo Couto,NgxS62s5uo8,2021-08-30T21:00:09Z,https://i.ytimg.com/vi/NgxS62s5uo8/mqdefault.jpg,"<iframe width=""480"" height=""270"" src=""//www.youtube.com/embed/NgxS62s5uo8"" frameborder=""0"" allow=""accelerometer; autoplay; clipboard-write; encrypted-media; gyroscope; picture-in-picture; web-share"" allowfullscreen></iframe>","{'viewCount': '6257024', 'likeCount': '406740', 'favoriteCount': '0', 'commentCount': '13297'}",13297,0,406740,6257024,PLypClbHDpCW1H_VYaQvn1wplR2bUrmnnp,Whindersson: Próxima Parada S2
NASCIDO PARA SER SELVAGEM,Ssuc24N6ywI,2021-09-06T21:00:08Z,https://i.ytimg.com/vi/Ssuc24N6ywI/mqdefault.jpg,"<iframe width=""480"" height=""270"" src=""//www.youtube.com/embed/Ssuc24N6ywI"" frameborder=""0"" allow=""accelerometer; autoplay; clipboard-write; encrypted-media; gyroscope; picture-in-picture; web-share"" allowfullscreen></iframe>","{'viewCount': '2715989', 'likeCount': '224999', 'favoriteCount': '0', 'commentCount': '4854'}",4854,0,224999,2715989,PLypClbHDpCW1H_VYaQvn1wplR2bUrmnnp,Whindersson: Próxima Parada S2
O SANGUE CHEGA A FERVE,_UtCmDsdMZk,2021-09-13T21:00:11Z,https://i.ytimg.com/vi/_UtCmDsdMZk/mqdefault.jpg,"<iframe width=""480"" height=""270"" src=""//www.youtube.com/embed/_UtCmDsdMZk"" frameborder=""0"" allow=""accelerometer; autoplay; clipboard-write; encrypted-media; gyroscope; picture-in-picture; web-share"" allowfullscreen></iframe>","{'viewCount': '2910911', 'likeCount': '208019', 'favoriteCount': '0', 'commentCount': '5202'}",5202,0,208019,2910911,PLypClbHDpCW1H_VYaQvn1wplR2bUrmnnp,Whindersson: Próxima Parada S2
MARANHOU feat Thaynara OG,Hzfafou_4Qw,2021-09-20T21:00:07Z,https://i.ytimg.com/vi/Hzfafou_4Qw/mqdefault.jpg,"<iframe width=""480"" height=""270"" src=""//www.youtube.com/embed/Hzfafou_4Qw"" frameborder=""0"" allow=""accelerometer; autoplay; clipboard-write; encrypted-media; gyroscope; picture-in-picture; web-share"" allowfullscreen></iframe>","{'viewCount': '1806158', 'likeCount': '127094', 'favoriteCount': '0', 'commentCount': '3704'}",3704,0,127094,1806158,PLypClbHDpCW1H_VYaQvn1wplR2bUrmnnp,Whindersson: Próxima Parada S2
MARCO ZERO feat Gabriel Oliveira,PmBO-v2A-0w,2021-09-27T21:00:18Z,https://i.ytimg.com/vi/PmBO-v2A-0w/mqdefault.jpg,"<iframe width=""480"" height=""270"" src=""//www.youtube.com/embed/PmBO-v2A-0w"" frameborder=""0"" allow=""accelerometer; autoplay; clipboard-write; encrypted-media; gyroscope; picture-in-picture; web-share"" allowfullscreen></iframe>","{'viewCount': '1102954', 'likeCount': '90550', 'favoriteCount': '0', 'commentCount': '2886'}",2886,0,90550,1102954,PLypClbHDpCW1H_VYaQvn1wplR2bUrmnnp,Whindersson: Próxima Parada S2
BEM VINDOS À BAHIA,cofbqCwBs4M,2021-10-04T21:00:24Z,https://i.ytimg.com/vi/cofbqCwBs4M/mqdefault.jpg,"<iframe width=""480"" height=""270"" src=""//www.youtube.com/embed/cofbqCwBs4M"" frameborder=""0"" allow=""accelerometer; autoplay; clipboard-write; encrypted-media; gyroscope; picture-in-picture; web-share"" allowfullscreen></iframe>","{'viewCount': '1233849', 'likeCount': '114016', 'favoriteCount': '0', 'commentCount': '4072'}",4072,0,114016,1233849,PLypClbHDpCW1H_VYaQvn1wplR2bUrmnnp,Whindersson: Próxima Parada S2
CHURRASCO E BOM CHIMARRÃO,pdztFQhWHh8,2021-10-11T21:00:12Z,https://i.ytimg.com/vi/pdztFQhWHh8/mqdefault.jpg,"<iframe width=""480"" height=""270"" src=""//www.youtube.com/embed/pdztFQhWHh8"" frameborder=""0"" allow=""accelerometer; autoplay; clipboard-write; encrypted-media; gyroscope; picture-in-picture; web-share"" allowfullscreen></iframe>","{'viewCount': '894282', 'likeCount': '78247', 'favoriteCount': '0', 'commentCount': '1627'}",1627,0,78247,894282,PLypClbHDpCW1H_VYaQvn1wplR2bUrmnnp,Whindersson: Próxima Parada S2
DE VOLTA PRA MINHA TERRA,3LMeN0PfPdA,2021-10-18T21:00:05Z,https://i.ytimg.com/vi/3LMeN0PfPdA/mqdefault.jpg,"<iframe width=""480"" height=""270"" src=""//www.youtube.com/embed/3LMeN0PfPdA"" frameborder=""0"" allow=""accelerometer; autoplay; clipboard-write; encrypted-media; gyroscope; picture-in-picture; web-share"" allowfullscreen></iframe>","{'viewCount': '3082343', 'likeCount': '253039', 'favoriteCount': '0', 'commentCount': '6706'}",6706,0,253039,3082343,PLypClbHDpCW1H_VYaQvn1wplR2bUrmnnp,Whindersson: Próxima Parada S2
TRAILER OFICIAL: WHINDERSSON - PRÓXIMA PARADA 2 -  AGORA É NO BRASIL,Ja_TXLyD2Gs,2021-08-27T21:00:01Z,https://i.ytimg.com/vi/Ja_TXLyD2Gs/mqdefault.jpg,"<iframe width=""480"" height=""270"" src=""//www.youtube.com/embed/Ja_TXLyD2Gs"" frameborder=""0"" allow=""accelerometer; autoplay; clipboard-write; encrypted-media; gyroscope; picture-in-picture; web-share"" allowfullscreen></iframe>","{'viewCount': '2523219', 'likeCount': '90180', 'favoriteCount': '0', 'commentCount': '1554'}",1554,0,90180,2523219,PLypClbHDpCW1H_VYaQvn1wplR2bUrmnnp,Whindersson: Próxima Parada S2
PRÓXIMA PARADA: PARIS - DUBLIN - LONDRES,1As7KHDbgvw,2019-10-03T23:00:07Z,https://i.ytimg.com/vi/1As7KHDbgvw/mqdefault.jpg,"<iframe width=""480"" height=""270"" src=""//www.youtube.com/embed/1As7KHDbgvw"" frameborder=""0"" allow=""accelerometer; autoplay; clipboard-write; encrypted-media; gyroscope; picture-in-picture; web-share"" allowfullscreen></iframe>","{'viewCount': '9733977', 'likeCount': '931469', 'favoriteCount': '0', 'commentCount': '13166'}",13166,0,931469,9733977,PLypClbHDpCW2O_RQYYs-sy4_xvfy_b6b1,Whindersson: Próxima Parada
PRÓXIMA PARADA: OSLO - TÓQUIO,Z2fBL2uMnfo,2019-10-11T00:24:08Z,https://i.ytimg.com/vi/Z2fBL2uMnfo/mqdefault.jpg,"<iframe width=""480"" height=""270"" src=""//www.youtube.com/embed/Z2fBL2uMnfo"" frameborder=""0"" allow=""accelerometer; autoplay; clipboard-write; encrypted-media; gyroscope; picture-in-picture; web-share"" allowfullscreen></iframe>","{'viewCount': '5681364', 'likeCount': '527661', 'favoriteCount': '0', 'commentCount': '6905'}",6905,0,527661,5681364,PLypClbHDpCW2O_RQYYs-sy4_xvfy_b6b1,Whindersson: Próxima Parada
PRÓXIMA PARADA: NOVA IORQUE - FILADÉLFIA,jah0ZP9eCl4,2019-10-17T23:00:07Z,https://i.ytimg.com/vi/jah0ZP9eCl4/mqdefault.jpg,"<iframe width=""480"" height=""270"" src=""//www.youtube.com/embed/jah0ZP9eCl4"" frameborder=""0"" allow=""accelerometer; autoplay; clipboard-write; encrypted-media; gyroscope; picture-in-picture; web-share"" allowfullscreen></iframe>","{'viewCount': '4785517', 'likeCount': '445314', 'favoriteCount': '0', 'commentCount': '7848'}",7848,0,445314,4785517,PLypClbHDpCW2O_RQYYs-sy4_xvfy_b6b1,Whindersson: Próxima Parada
PRÓXIMA PARADA: LISBOA,ka9Zf-GJwoI,2019-10-24T23:00:06Z,https://i.ytimg.com/vi/ka9Zf-GJwoI/mqdefault.jpg,"<iframe width=""480"" height=""270"" src=""//www.youtube.com/embed/ka9Zf-GJwoI"" frameborder=""0"" allow=""accelerometer; autoplay; clipboard-write; encrypted-media; gyroscope; picture-in-picture; web-share"" allowfullscreen></iframe>","{'viewCount': '3395737', 'likeCount': '338236', 'favoriteCount': '0', 'commentCount': '4801'}",4801,0,338236,3395737,PLypClbHDpCW2O_RQYYs-sy4_xvfy_b6b1,Whindersson: Próxima Parada
PRÓXIMA PARADA: MOÇAMBIQUE (ÁFRICA),8L2TfWbFing,2019-10-31T23:00:02Z,https://i.ytimg.com/vi/8L2TfWbFing/mqdefault.jpg,"<iframe width=""480"" height=""270"" src=""//www.youtube.com/embed/8L2TfWbFing"" frameborder=""0"" allow=""accelerometer; autoplay; clipboard-write; encrypted-media; gyroscope; picture-in-picture; web-share"" allowfullscreen></iframe>","{'viewCount': '3429963', 'likeCount': '390352', 'favoriteCount': '0', 'commentCount': '14222'}",14222,0,390352,3429963,PLypClbHDpCW2O_RQYYs-sy4_xvfy_b6b1,Whindersson: Próxima Parada
PRÓXIMA PARADA: LOS ANGELES,Qv8uDu5GxIQ,2019-11-07T23:00:03Z,https://i.ytimg.com/vi/Qv8uDu5GxIQ/mqdefault.jpg,"<iframe width=""480"" height=""270"" src=""//www.youtube.com/embed/Qv8uDu5GxIQ"" frameborder=""0"" allow=""accelerometer; autoplay; clipboard-write; encrypted-media; gyroscope; picture-in-picture; web-share"" allowfullscreen></iframe>","{'viewCount': '4094731', 'likeCount': '331421', 'favoriteCount': '0', 'commentCount': '6459'}",6459,0,331421,4094731,PLypClbHDpCW2O_RQYYs-sy4_xvfy_b6b1,Whindersson: Próxima Parada
PRÓXIMA PARADA: ORLANDO - MIAMI,pneHkbXMDpU,2019-11-14T23:00:12Z,https://i.ytimg.com/vi/pneHkbXMDpU/mqdefault.jpg,"<iframe width=""480"" height=""270"" src=""//www.youtube.com/embed/pneHkbXMDpU"" frameborder=""0"" allow=""accelerometer; autoplay; clipboard-write; encrypted-media; gyroscope; picture-in-picture; web-share"" allowfullscreen></iframe>","{'viewCount': '2990031', 'likeCount': '258228', 'favoriteCount': '0', 'commentCount': '5566'}",5566,0,258228,2990031,PLypClbHDpCW2O_RQYYs-sy4_xvfy_b6b1,Whindersson: Próxima Parada
PRÓXIMA PARADA: RIO DE JANEIRO,0_KI6mIn6eI,2019-11-21T23:00:00Z,https://i.ytimg.com/vi/0_KI6mIn6eI/mqdefault.jpg,"<iframe width=""480"" height=""270"" src=""//www.youtube.com/embed/0_KI6mIn6eI"" frameborder=""0"" allow=""accelerometer; autoplay; clipboard-write; encrypted-media; gyroscope; picture-in-picture; web-share"" allowfullscreen></iframe>","{'viewCount': '3625745', 'likeCount': '287389', 'favoriteCount': '0', 'commentCount': '5054'}",5054,0,287389,3625745,PLypClbHDpCW2O_RQYYs-sy4_xvfy_b6b1,Whindersson: Próxima Parada
"SÓ OS CAMBITO | PARÓDIA Luis Fonsi, Daddy Yankee - Despacito (Audio) ft. Justin Bieber",J5nAujZEKmU,2017-06-04T23:04:29Z,https://i.ytimg.com/vi/J5nAujZEKmU/mqdefault.jpg,"<iframe width=""480"" height=""270"" src=""//www.youtube.com/embed/J5nAujZEKmU"" frameborder=""0"" allow=""accelerometer; autoplay; clipboard-write; encrypted-media; gyroscope; picture-in-picture; web-share"" allowfullscreen></iframe>","{'viewCount': '29237061', 'likeCount': '1844430', 'favoriteCount': '0', 'commentCount': '32798'}",32798,0,1844430,29237061,PLypClbHDpCW3-wt36qfTiwF-qW4UDDvpW,PARÓDIAS!
EU CANSEI DE SER POBRE | Paródia Ed Sheeran - Shape of You [Official Video],UmmXiN93btM,2017-04-09T00:00:01Z,https://i.ytimg.com/vi/UmmXiN93btM/mqdefault.jpg,"<iframe width=""480"" height=""270"" src=""//www.youtube.com/embed/UmmXiN93btM"" frameborder=""0"" allow=""accelerometer; autoplay; clipboard-write; encrypted-media; gyroscope; picture-in-picture; web-share"" allowfullscreen></iframe>","{'viewCount': '69038055', 'likeCount': '3020899', 'favoriteCount': '0', 'commentCount': '76890'}",76890,0,3020899,69038055,PLypClbHDpCW3-wt36qfTiwF-qW4UDDvpW,PARÓDIAS!
LARGA MEU BOY | PARÓDIA The Weeknd - Starboy (official) ft. Daft Punk,oWWsLI_IVKk,2017-03-08T00:00:02Z,https://i.ytimg.com/vi/oWWsLI_IVKk/mqdefault.jpg,"<iframe width=""480"" height=""270"" src=""//www.youtube.com/embed/oWWsLI_IVKk"" frameborder=""0"" allow=""accelerometer; autoplay; clipboard-write; encrypted-media; gyroscope; picture-in-picture; web-share"" allowfullscreen></iframe>","{'viewCount': '40110157', 'likeCount': '2500925', 'favoriteCount': '0', 'commentCount': '88890'}",88890,0,2500925,40110157,PLypClbHDpCW3-wt36qfTiwF-qW4UDDvpW,PARÓDIAS!
DIETA PRA QUÊ | Paródia MC Kekel - Namorar Pra Quê? (KondZilla),kDiLBokEW3g,2017-02-24T01:00:02Z,https://i.ytimg.com/vi/kDiLBokEW3g/mqdefault.jpg,"<iframe width=""480"" height=""270"" src=""//www.youtube.com/embed/kDiLBokEW3g"" frameborder=""0"" allow=""accelerometer; autoplay; clipboard-write; encrypted-media; gyroscope; picture-in-picture; web-share"" allowfullscreen></iframe>","{'viewCount': '42705721', 'likeCount': '2210358', 'favoriteCount': '0', 'commentCount': '53511'}",53511,0,2210358,42705721,PLypClbHDpCW3-wt36qfTiwF-qW4UDDvpW,PARÓDIAS!
OITAVA SÉRIE | Paródia Estaca Zero Luan Santana Ft Ivete Sangalo,t0xIrbaHuy8,2016-12-14T23:00:05Z,https://i.ytimg.com/vi/t0xIrbaHuy8/mqdefault.jpg,"<iframe width=""480"" height=""270"" src=""//www.youtube.com/embed/t0xIrbaHuy8"" frameborder=""0"" allow=""accelerometer; autoplay; clipboard-write; encrypted-media; gyroscope; picture-in-picture; web-share"" allowfullscreen></iframe>","{'viewCount': '23513759', 'likeCount': '1440029', 'favoriteCount': '0', 'commentCount': '41084'}",41084,0,1440029,23513759,PLypClbHDpCW3-wt36qfTiwF-qW4UDDvpW,PARÓDIAS!
TIRAR UM SELFIE | Paródia LOVE YOURSELF - Justin Bieber,kPd3zaOfnVw,2016-09-25T00:00:01Z,https://i.ytimg.com/vi/kPd3zaOfnVw/mqdefault.jpg,"<iframe width=""480"" height=""270"" src=""//www.youtube.com/embed/kPd3zaOfnVw"" frameborder=""0"" allow=""accelerometer; autoplay; clipboard-write; encrypted-media; gyroscope; picture-in-picture; web-share"" allowfullscreen></iframe>","{'viewCount': '12901976', 'likeCount': '1513273', 'favoriteCount': '0', 'commentCount': '30872'}",30872,0,1513273,12901976,PLypClbHDpCW3-wt36qfTiwF-qW4UDDvpW,PARÓDIAS!
PARÓDIA ESCREVE AI - LUAN SANTANA (Dia das mães),nWqZTcEctDU,2016-05-09T00:00:00Z,https://i.ytimg.com/vi/nWqZTcEctDU/mqdefault.jpg,"<iframe width=""480"" height=""270"" src=""//www.youtube.com/embed/nWqZTcEctDU"" frameborder=""0"" allow=""accelerometer; autoplay; clipboard-write; encrypted-media; gyroscope; picture-in-picture; web-share"" allowfullscreen></iframe>","{'viewCount': '15461493', 'likeCount': '988655', 'favoriteCount': '0', 'commentCount': '31023'}",31023,0,988655,15461493,PLypClbHDpCW3-wt36qfTiwF-qW4UDDvpW,PARÓDIAS!
QUAL É A SENHA DO WIFI - Paródia Adele - Hello,tWs1E2BfNZE,2015-12-05T23:00:00Z,https://i.ytimg.com/vi/tWs1E2BfNZE/mqdefault.jpg,"<iframe width=""480"" height=""270"" src=""//www.youtube.com/embed/tWs1E2BfNZE"" frameborder=""0"" allow=""accelerometer; autoplay; clipboard-write; encrypted-media; gyroscope; picture-in-picture; web-share"" allowfullscreen></iframe>","{'viewCount': '78494863', 'likeCount': '3866739', 'favoriteCount': '0', 'commentCount': '159669'}",159669,0,3866739,78494863,PLypClbHDpCW3-wt36qfTiwF-qW4UDDvpW,PARÓDIAS!
PC DE FASES | Paródia Mulher de Fases - Raimundos,Tm9YidkqPF8,2013-12-20T01:03:12Z,https://i.ytimg.com/vi/Tm9YidkqPF8/mqdefault.jpg,"<iframe width=""480"" height=""270"" src=""//www.youtube.com/embed/Tm9YidkqPF8"" frameborder=""0"" allow=""accelerometer; autoplay; clipboard-write; encrypted-media; gyroscope; picture-in-picture; web-share"" allowfullscreen></iframe>","{'viewCount': '978877', 'likeCount': '64058', 'favoriteCount': '0', 'commentCount': '1352'}",1352,0,64058,978877,PLypClbHDpCW3-wt36qfTiwF-qW4UDDvpW,PARÓDIAS!
"Alô vó, tô reprovado (OFICIAL) PARÓDIA ""Alô vó, Tô estourado Forró Safado Clip oficial""",o08OoWPWbls,2013-01-22T01:07:11Z,https://i.ytimg.com/vi/o08OoWPWbls/mqdefault.jpg,"<iframe width=""480"" height=""270"" src=""//www.youtube.com/embed/o08OoWPWbls"" frameborder=""0"" allow=""accelerometer; autoplay; clipboard-write; encrypted-media; gyroscope; picture-in-picture; web-share"" allowfullscreen></iframe>","{'viewCount': '14289122', 'likeCount': '934701', 'favoriteCount': '0', 'commentCount': '33016'}",33016,0,934701,14289122,PLypClbHDpCW3-wt36qfTiwF-qW4UDDvpW,PARÓDIAS!
Nesse enem eu me torei PARÓDIA: Só vou beber mais hoje - Clipe - Humberto & Ronaldo,KxY6jpoRsRc,2013-01-25T23:04:12Z,https://i.ytimg.com/vi/KxY6jpoRsRc/mqdefault.jpg,"<iframe width=""480"" height=""270"" src=""//www.youtube.com/embed/KxY6jpoRsRc"" frameborder=""0"" allow=""accelerometer; autoplay; clipboard-write; encrypted-media; gyroscope; picture-in-picture; web-share"" allowfullscreen></iframe>","{'viewCount': '1126873', 'likeCount': '83058', 'favoriteCount': '0', 'commentCount': '2725'}",2725,0,83058,1126873,PLypClbHDpCW3-wt36qfTiwF-qW4UDDvpW,PARÓDIAS!
ESPERANDO SINAL DA TIM VOLTAR | Paródia OFICIAL | Te esperando - Luan Santana (Nova música),kPy88XK_8S0,2013-05-26T19:41:31Z,https://i.ytimg.com/vi/kPy88XK_8S0/mqdefault.jpg,"<iframe width=""480"" height=""270"" src=""//www.youtube.com/embed/kPy88XK_8S0"" frameborder=""0"" allow=""accelerometer; autoplay; clipboard-write; encrypted-media; gyroscope; picture-in-picture; web-share"" allowfullscreen></iframe>","{'viewCount': '1393755', 'likeCount': '95012', 'favoriteCount': '0', 'commentCount': '3046'}",3046,0,95012,1393755,PLypClbHDpCW3-wt36qfTiwF-qW4UDDvpW,PARÓDIAS!
NO INSTAGRAM | Paródia Demi Lovato - Heart Attack,bDQJx1N_DQI,2013-09-19T00:31:54Z,https://i.ytimg.com/vi/bDQJx1N_DQI/mqdefault.jpg,"<iframe width=""480"" height=""270"" src=""//www.youtube.com/embed/bDQJx1N_DQI"" frameborder=""0"" allow=""accelerometer; autoplay; clipboard-write; encrypted-media; gyroscope; picture-in-picture; web-share"" allowfullscreen></iframe>","{'viewCount': '1359509', 'likeCount': '97480', 'favoriteCount': '0', 'commentCount': '3242'}",3242,0,97480,1359509,PLypClbHDpCW3-wt36qfTiwF-qW4UDDvpW,PARÓDIAS!
DEPOIS DEIXOU VOCÊ paródia | Adriana Calcanhotto - Fico Assim Sem Você,pdBmoyA7Ypk,2013-08-04T02:47:29Z,https://i.ytimg.com/vi/pdBmoyA7Ypk/mqdefault.jpg,"<iframe width=""480"" height=""270"" src=""//www.youtube.com/embed/pdBmoyA7Ypk"" frameborder=""0"" allow=""accelerometer; autoplay; clipboard-write; encrypted-media; gyroscope; picture-in-picture; web-share"" allowfullscreen></iframe>","{'viewCount': '963308', 'likeCount': '73067', 'favoriteCount': '0', 'commentCount': '2416'}",2416,0,73067,963308,PLypClbHDpCW3-wt36qfTiwF-qW4UDDvpW,PARÓDIAS!
PARÓDIA TUTS TUTS NÃO PASSEI ♫♪ | Clip Oficial - EDY LEMOND - Pensando em você,y8f30xA-gBY,2013-10-30T11:42:59Z,https://i.ytimg.com/vi/y8f30xA-gBY/mqdefault.jpg,"<iframe width=""480"" height=""270"" src=""//www.youtube.com/embed/y8f30xA-gBY"" frameborder=""0"" allow=""accelerometer; autoplay; clipboard-write; encrypted-media; gyroscope; picture-in-picture; web-share"" allowfullscreen></iframe>","{'viewCount': '1396211', 'likeCount': '72015', 'favoriteCount': '0', 'commentCount': '3208'}",3208,0,72015,1396211,PLypClbHDpCW3-wt36qfTiwF-qW4UDDvpW,PARÓDIAS!
GÍRIAS PIAUIENSES #2 (=,bmYiUDmFQFs,2013-09-05T23:25:09Z,https://i.ytimg.com/vi/bmYiUDmFQFs/mqdefault.jpg,"<iframe width=""480"" height=""270"" src=""//www.youtube.com/embed/bmYiUDmFQFs"" frameborder=""0"" allow=""accelerometer; autoplay; clipboard-write; encrypted-media; gyroscope; picture-in-picture; web-share"" allowfullscreen></iframe>","{'viewCount': '1461322', 'likeCount': '145431', 'favoriteCount': '0', 'commentCount': '3434'}",3434,0,145431,1461322,PLypClbHDpCW3wr2_Bb3HYRL2kfTOsO1bM,GÍRIAS PIAUIENSES (=
GÍRIAS PIAUIENSES (=,yC1c8mLf4fc,2013-08-27T16:27:27Z,https://i.ytimg.com/vi/yC1c8mLf4fc/mqdefault.jpg,"<iframe width=""480"" height=""270"" src=""//www.youtube.com/embed/yC1c8mLf4fc"" frameborder=""0"" allow=""accelerometer; autoplay; clipboard-write; encrypted-media; gyroscope; picture-in-picture; web-share"" allowfullscreen></iframe>","{'viewCount': '2218126', 'likeCount': '274476', 'favoriteCount': '0', 'commentCount': '6037'}",6037,0,274476,2218126,PLypClbHDpCW3wr2_Bb3HYRL2kfTOsO1bM,GÍRIAS PIAUIENSES (=
COMO EU ME SINTO QUANDO.. DIGITO ERRADO,o28gltbZaMU,2013-07-26T22:22:30Z,https://i.ytimg.com/vi/o28gltbZaMU/mqdefault.jpg,"<iframe width=""480"" height=""270"" src=""//www.youtube.com/embed/o28gltbZaMU"" frameborder=""0"" allow=""accelerometer; autoplay; clipboard-write; encrypted-media; gyroscope; picture-in-picture; web-share"" allowfullscreen></iframe>","{'viewCount': '7211696', 'likeCount': '325008', 'favoriteCount': '0', 'commentCount': '6653'}",6653,0,325008,7211696,PLypClbHDpCW03UsKUMMduuOGYAgU1JxIE,COMO EU ME SINTO QUANDO..
COMO EU ME SINTO QUANDO.. A BATERIA DO NOTBOOK DESCARREGA,bDcMl61v0Rs,2013-08-06T16:24:51Z,https://i.ytimg.com/vi/bDcMl61v0Rs/mqdefault.jpg,"<iframe width=""480"" height=""270"" src=""//www.youtube.com/embed/bDcMl61v0Rs"" frameborder=""0"" allow=""accelerometer; autoplay; clipboard-write; encrypted-media; gyroscope; picture-in-picture; web-share"" allowfullscreen></iframe>","{'viewCount': '6435456', 'likeCount': '401443', 'favoriteCount': '0', 'commentCount': '6978'}",6978,0,401443,6435456,PLypClbHDpCW03UsKUMMduuOGYAgU1JxIE,COMO EU ME SINTO QUANDO..
COMO ME SINTO QUANDO.. ESCUTO UMA BUZINA,DMmvqgTwSNQ,2013-08-14T01:35:19Z,https://i.ytimg.com/vi/DMmvqgTwSNQ/mqdefault.jpg,"<iframe width=""480"" height=""270"" src=""//www.youtube.com/embed/DMmvqgTwSNQ"" frameborder=""0"" allow=""accelerometer; autoplay; clipboard-write; encrypted-media; gyroscope; picture-in-picture; web-share"" allowfullscreen></iframe>","{'viewCount': '2182795', 'likeCount': '86852', 'favoriteCount': '0', 'commentCount': '1309'}",1309,0,86852,2182795,PLypClbHDpCW03UsKUMMduuOGYAgU1JxIE,COMO EU ME SINTO QUANDO..
COMO ME SINTO QUANDO.. VOU COMER E CHEGA VISITA,XTNte5iFZic,2013-09-12T00:47:05Z,https://i.ytimg.com/vi/XTNte5iFZic/mqdefault.jpg,"<iframe width=""480"" height=""270"" src=""//www.youtube.com/embed/XTNte5iFZic"" frameborder=""0"" allow=""accelerometer; autoplay; clipboard-write; encrypted-media; gyroscope; picture-in-picture; web-share"" allowfullscreen></iframe>","{'viewCount': '16714855', 'likeCount': '1076635', 'favoriteCount': '0', 'commentCount': '21586'}",21586,0,1076635,16714855,PLypClbHDpCW03UsKUMMduuOGYAgU1JxIE,COMO EU ME SINTO QUANDO..
